ParticipantIdentifier,NHANES_SEQN
P0001,93703
P0002,93704
P0003,93705
P0004,93706
P0005,93707
P0006,93708
P0007,93709
P0008,93710
P0009,93711
P0010,93712
P0011,93713
P0012,93714
P0013,93715
P0014,93716
P0015,93717
P0016,93718
P0017,93719
P0018,93720
P0019,93721
P0020,93722
P0021,93723
P0022,93724
P0023,93725
P0024,93726
P0025,93727
P0026,93728
P0027,93729
P0028,93730
P0029,93731
P0030,93732
P0031,93733
P0032,93735
P0033,93736
P0034,93737
P0035,93738
P0036,93739
P0037,93740
P0038,93741
P0039,93742
P0040,93743
P0041,93744
P0042,93745
P0043,93746
P0044,93747
P0045,93748
P0046,93749
P0047,93751
P0048,93752
P0049,93753
P0050,93754
P0051,93755
P0052,93756
P0053,93757
P0054,93758
P0055,93759
P0056,93760
P0057,93761
P0058,93762
P0059,93763
P0060,93764
P0061,93765
P0062,93766
P0063,93767
P0064,93768
P0065,93769
P0066,93770
P0067,93771
P0068,93772
P0069,93773
P0070,93774
P0071,93775
P0072,93776
P0073,93777
P0074,93778
P0075,93779
P0076,93780
P0077,93781
P0078,93782
P0079,93783
P0080,93784
P0081,93785
P0082,93787
P0083,93788
P0084,93789
P0085,93790
P0086,93791
P0087,93792
P0088,93793
P0089,93794
P0090,93795
P0091,93796
P0092,93797
P0093,93798
P0094,93799
P0095,93800
P0096,93801
P0097,93802
P0098,93803
P0099,93804
P0100,93805
P0101,93806
P0102,93807
P0103,93808
P0104,93809
P0105,93810
P0106,93811
P0107,93812
P0108,93813
P0109,93814
P0110,93815
P0111,93816
P0112,93817
P0113,93818
P0114,93819
P0115,93820
P0116,93821
P0117,93822
P0118,93823
P0119,93824
P0120,93825
P0121,93827
P0122,93828
P0123,93829
P0124,93830
P0125,93831
P0126,93832
P0127,93833
P0128,93834
P0129,93836
P0130,93837
P0131,93838
P0132,93839
P0133,93840
P0134,93841
P0135,93842
P0136,93843
P0137,93844
P0138,93845
P0139,93846
P0140,93847
P0141,93848
P0142,93849
P0143,93850
P0144,93851
P0145,93852
P0146,93853
P0147,93854
P0148,93855
P0149,93856
P0150,93857
P0151,93858
P0152,93859
P0153,93861
P0154,93862
P0155,93863
P0156,93864
P0157,93865
P0158,93866
P0159,93867
P0160,93868
P0161,93869
P0162,93870
P0163,93871
P0164,93873
P0165,93874
P0166,93875
P0167,93876
P0168,93877
P0169,93878
P0170,93879
P0171,93880
P0172,93881
P0173,93883
P0174,93884
P0175,93885
P0176,93887
P0177,93888
P0178,93890
P0179,93891
P0180,93892
P0181,93893
P0182,93894
P0183,93895
P0184,93896
P0185,93897
P0186,93898
P0187,93899
P0188,93900
P0189,93901
P0190,93902
P0191,93903
P0192,93904
P0193,93905
P0194,93906
P0195,93907
P0196,93908
P0197,93909
P0198,93911
P0199,93912
P0200,93913
P0201,93914
P0202,93915
P0203,93916
P0204,93917
P0205,93918
P0206,93919
P0207,93920
P0208,93921
P0209,93922
P0210,93923
P0211,93924
P0212,93925
P0213,93926
P0214,93927
P0215,93928
P0216,93929
P0217,93930
P0218,93931
P0219,93932
P0220,93934
P0221,93935
P0222,93936
P0223,93937
P0224,93938
P0225,93939
P0226,93940
P0227,93941
P0228,93942
P0229,93944
P0230,93945
P0231,93946
P0232,93947
P0233,93948
P0234,93949
P0235,93950
P0236,93951
P0237,93952
P0238,93953
P0239,93954
P0240,93955
P0241,93957
P0242,93958
P0243,93959
P0244,93960
P0245,93962
P0246,93963
P0247,93964
P0248,93965
P0249,93966
P0250,93967
P0251,93968
P0252,93969
P0253,93970
P0254,93971
P0255,93972
P0256,93973
P0257,93974
P0258,93975
P0259,93976
P0260,93977
P0261,93978
P0262,93979
P0263,93980
P0264,93981
P0265,93982
P0266,93983
P0267,93984
P0268,93985
P0269,93986
P0270,93987
P0271,93988
P0272,93989
P0273,93990
P0274,93991
P0275,93992
P0276,93993
P0277,93994
P0278,93995
P0279,93996
P0280,93997
P0281,93998
P0282,93999
P0283,94001
P0284,94002
P0285,94003
P0286,94004
P0287,94005
P0288,94006
P0289,94007
P0290,94008
P0291,94009
P0292,94010
P0293,94011
P0294,94012
P0295,94013
P0296,94014
P0297,94015
P0298,94016
P0299,94017
P0300,94019
P0301,94020
P0302,94021
P0303,94022
P0304,94024
P0305,94025
P0306,94026
P0307,94027
P0308,94028
P0309,94029
P0310,94030
P0311,94031
P0312,94032
P0313,94033
P0314,94034
P0315,94035
P0316,94036
P0317,94037
P0318,94038
P0319,94039
P0320,94040
P0321,94041
P0322,94042
P0323,94043
P0324,94044
P0325,94045
P0326,94046
P0327,94047
P0328,94048
P0329,94049
P0330,94050
P0331,94051
P0332,94052
P0333,94053
P0334,94054
P0335,94055
P0336,94056
P0337,94057
P0338,94058
P0339,94059
P0340,94060
P0341,94061
P0342,94062
P0343,94063
P0344,94064
P0345,94065
P0346,94066
P0347,94067
P0348,94068
P0349,94069
P0350,94070
P0351,94071
P0352,94072
P0353,94073
P0354,94074
P0355,94075
P0356,94076
P0357,94078
P0358,94079
P0359,94080
P0360,94081
P0361,94082
P0362,94083
P0363,94084
P0364,94086
P0365,94087
P0366,94088
P0367,94089
P0368,94090
P0369,94091
P0370,94092
P0371,94093
P0372,94094
P0373,94095
P0374,94096
P0375,94097
P0376,94098
P0377,94099
P0378,94100
P0379,94101
P0380,94103
P0381,94104
P0382,94105
P0383,94106
P0384,94107
P0385,94108
P0386,94109
P0387,94110
P0388,94111
P0389,94112
P0390,94113
P0391,94114
P0392,94115
P0393,94116
P0394,94117
P0395,94118
P0396,94119
P0397,94121
P0398,94122
P0399,94124
P0400,94125
P0401,94126
P0402,94127
P0403,94128
P0404,94129
P0405,94130
P0406,94131
P0407,94132
P0408,94133
P0409,94134
P0410,94135
P0411,94136
P0412,94137
P0413,94138
P0414,94139
P0415,94140
P0416,94141
P0417,94142
P0418,94143
P0419,94144
P0420,94145
P0421,94146
P0422,94148
P0423,94149
P0424,94150
P0425,94151
P0426,94152
P0427,94153
P0428,94154
P0429,94155
P0430,94156
P0431,94157
P0432,94158
P0433,94159
P0434,94160
P0435,94161
P0436,94162
P0437,94163
P0438,94164
P0439,94165
P0440,94166
P0441,94167
P0442,94168
P0443,94169
P0444,94170
P0445,94171
P0446,94172
P0447,94173
P0448,94174
P0449,94175
P0450,94176
P0451,94177
P0452,94178
P0453,94179
P0454,94180
P0455,94181
P0456,94182
P0457,94183
P0458,94184
P0459,94185
P0460,94186
P0461,94187
P0462,94189
P0463,94190
P0464,94191
P0465,94192
P0466,94193
P0467,94194
P0468,94195
P0469,94196
P0470,94197
P0471,94198
P0472,94199
P0473,94200
P0474,94201
P0475,94202
P0476,94203
P0477,94205
P0478,94206
P0479,94207
P0480,94208
P0481,94209
P0482,94210
P0483,94211
P0484,94212
P0485,94214
P0486,94215
P0487,94216
P0488,94217
P0489,94218
P0490,94219
P0491,94220
P0492,94221
P0493,94222
P0494,94223
P0495,94224
P0496,94225
P0497,94226
P0498,94227
P0499,94228
P0500,94229
P0501,94230
P0502,94232
P0503,94233
P0504,94234
P0505,94235
P0506,94236
P0507,94237
P0508,94238
P0509,94241
P0510,94242
P0511,94243
P0512,94245
P0513,94246
P0514,94247
P0515,94248
P0516,94249
P0517,94250
P0518,94251
P0519,94252
P0520,94253
P0521,94254
P0522,94255
P0523,94256
P0524,94257
P0525,94258
P0526,94259
P0527,94260
P0528,94261
P0529,94262
P0530,94263
P0531,94264
P0532,94265
P0533,94266
P0534,94267
P0535,94268
P0536,94269
P0537,94270
P0538,94271
P0539,94272
P0540,94273
P0541,94274
P0542,94275
P0543,94276
P0544,94277
P0545,94278
P0546,94279
P0547,94280
P0548,94281
P0549,94282
P0550,94283
P0551,94284
P0552,94285
P0553,94286
P0554,94287
P0555,94290
P0556,94291
P0557,94292
P0558,94293
P0559,94294
P0560,94295
P0561,94296
P0562,94298
P0563,94299
P0564,94300
P0565,94301
P0566,94302
P0567,94303
P0568,94304
P0569,94305
P0570,94306
P0571,94307
P0572,94308
P0573,94309
P0574,94310
P0575,94311
P0576,94312
P0577,94313
P0578,94314
P0579,94315
P0580,94317
P0581,94318
P0582,94319
P0583,94320
P0584,94321
P0585,94322
P0586,94323
P0587,94324
P0588,94325
P0589,94326
P0590,94327
P0591,94328
P0592,94329
P0593,94330
P0594,94331
P0595,94333
P0596,94335
P0597,94336
P0598,94337
P0599,94338
P0600,94339
P0601,94340
P0602,94341
P0603,94342
P0604,94343
P0605,94344
P0606,94345
P0607,94346
P0608,94347
P0609,94348
P0610,94349
P0611,94350
P0612,94351
P0613,94352
P0614,94353
P0615,94354
P0616,94355
P0617,94356
P0618,94357
P0619,94358
P0620,94359
P0621,94360
P0622,94361
P0623,94362
P0624,94364
P0625,94365
P0626,94366
P0627,94367
P0628,94368
P0629,94369
P0630,94370
P0631,94371
P0632,94372
P0633,94373
P0634,94374
P0635,94375
P0636,94376
P0637,94377
P0638,94378
P0639,94379
P0640,94380
P0641,94381
P0642,94382
P0643,94383
P0644,94384
P0645,94385
P0646,94386
P0647,94387
P0648,94388
P0649,94389
P0650,94390
P0651,94391
P0652,94392
P0653,94393
P0654,94394
P0655,94395
P0656,94396
P0657,94397
P0658,94398
P0659,94399
P0660,94400
P0661,94401
P0662,94402
P0663,94403
P0664,94404
P0665,94405
P0666,94406
P0667,94407
P0668,94408
P0669,94409
P0670,94410
P0671,94411
P0672,94412
P0673,94413
P0674,94414
P0675,94415
P0676,94416
P0677,94417
P0678,94418
P0679,94419
P0680,94420
P0681,94421
P0682,94422
P0683,94423
P0684,94424
P0685,94425
P0686,94426
P0687,94427
P0688,94428
P0689,94429
P0690,94430
P0691,94431
P0692,94432
P0693,94433
P0694,94434
P0695,94435
P0696,94436
P0697,94437
P0698,94438
P0699,94439
P0700,94440
P0701,94441
P0702,94443
P0703,94444
P0704,94445
P0705,94446
P0706,94447
P0707,94448
P0708,94449
P0709,94450
P0710,94451
P0711,94453
P0712,94454
P0713,94455
P0714,94456
P0715,94457
P0716,94458
P0717,94459
P0718,94460
P0719,94461
P0720,94462
P0721,94463
P0722,94464
P0723,94465
P0724,94466
P0725,94467
P0726,94468
P0727,94469
P0728,94470
P0729,94471
P0730,94472
P0731,94473
P0732,94474
P0733,94475
P0734,94476
P0735,94477
P0736,94478
P0737,94479
P0738,94480
P0739,94481
P0740,94482
P0741,94483
P0742,94484
P0743,94485
P0744,94486
P0745,94487
P0746,94488
P0747,94489
P0748,94490
P0749,94491
P0750,94492
P0751,94493
P0752,94494
P0753,94495
P0754,94496
P0755,94497
P0756,94498
P0757,94499
P0758,94500
P0759,94501
P0760,94502
P0761,94503
P0762,94504
P0763,94505
P0764,94506
P0765,94507
P0766,94508
P0767,94509
P0768,94510
P0769,94511
P0770,94512
P0771,94513
P0772,94514
P0773,94515
P0774,94516
P0775,94517
P0776,94518
P0777,94519
P0778,94520
P0779,94521
P0780,94522
P0781,94523
P0782,94525
P0783,94526
P0784,94527
P0785,94528
P0786,94529
P0787,94530
P0788,94531
P0789,94532
P0790,94534
P0791,94536
P0792,94537
P0793,94538
P0794,94539
P0795,94540
P0796,94541
P0797,94542
P0798,94543
P0799,94544
P0800,94545
P0801,94546
P0802,94547
P0803,94548
P0804,94549
P0805,94550
P0806,94551
P0807,94552
P0808,94553
P0809,94554
P0810,94555
P0811,94556
P0812,94557
P0813,94558
P0814,94559
P0815,94560
P0816,94561
P0817,94562
P0818,94563
P0819,94564
P0820,94565
P0821,94567
P0822,94568
P0823,94569
P0824,94570
P0825,94571
P0826,94572
P0827,94573
P0828,94574
P0829,94575
P0830,94576
P0831,94577
P0832,94578
P0833,94579
P0834,94580
P0835,94582
P0836,94583
P0837,94584
P0838,94585
P0839,94586
P0840,94587
P0841,94588
P0842,94589
P0843,94590
P0844,94591
P0845,94592
P0846,94593
P0847,94594
P0848,94595
P0849,94596
P0850,94597
P0851,94599
P0852,94600
P0853,94601
P0854,94602
P0855,94603
P0856,94604
P0857,94605
P0858,94606
P0859,94607
P0860,94608
P0861,94609
P0862,94610
P0863,94611
P0864,94612
P0865,94613
P0866,94615
P0867,94616
P0868,94617
P0869,94618
P0870,94619
P0871,94620
P0872,94621
P0873,94622
P0874,94623
P0875,94624
P0876,94625
P0877,94626
P0878,94627
P0879,94628
P0880,94629
P0881,94630
P0882,94631
P0883,94632
P0884,94633
P0885,94634
P0886,94635
P0887,94636
P0888,94637
P0889,94638
P0890,94639
P0891,94640
P0892,94641
P0893,94642
P0894,94643
P0895,94644
P0896,94646
P0897,94647
P0898,94648
P0899,94649
P0900,94650
P0901,94651
P0902,94652
P0903,94654
P0904,94655
P0905,94656
P0906,94657
P0907,94658
P0908,94659
P0909,94660
P0910,94661
P0911,94662
P0912,94663
P0913,94664
P0914,94665
P0915,94666
P0916,94667
P0917,94668
P0918,94669
P0919,94670
P0920,94671
P0921,94672
P0922,94673
P0923,94674
P0924,94675
P0925,94676
P0926,94677
P0927,94678
P0928,94679
P0929,94680
P0930,94681
P0931,94682
P0932,94683
P0933,94684
P0934,94685
P0935,94686
P0936,94687
P0937,94688
P0938,94689
P0939,94690
P0940,94692
P0941,94693
P0942,94695
P0943,94696
P0944,94697
P0945,94698
P0946,94699
P0947,94700
P0948,94701
P0949,94702
P0950,94703
P0951,94704
P0952,94705
P0953,94706
P0954,94707
P0955,94708
P0956,94709
P0957,94710
P0958,94711
P0959,94712
P0960,94713
P0961,94714
P0962,94715
P0963,94716
P0964,94717
P0965,94718
P0966,94719
P0967,94720
P0968,94721
P0969,94722
P0970,94723
P0971,94724
P0972,94725
P0973,94726
P0974,94727
P0975,94728
P0976,94729
P0977,94730
P0978,94731
P0979,94732
P0980,94733
P0981,94734
P0982,94735
P0983,94736
P0984,94738
P0985,94739
P0986,94740
P0987,94741
P0988,94742
P0989,94743
P0990,94744
P0991,94745
P0992,94747
P0993,94748
P0994,94749
P0995,94750
P0996,94751
P0997,94752
P0998,94753
P0999,94754
P1000,94755
