ParticipantIdentifier, RECORD_ID
P0001                ,    615016
P0002                ,    615436
P0003                ,    615514
P0004                ,    615515
P0005                ,    615516
P0006                ,    615519
P0007                ,    615522
P0008                ,    615561
P0009                ,    615657
P0010                ,    615694
P0011                ,    615698
P0012                ,    615717
P0013                ,    615718
P0014                ,    615721
P0015                ,    615742
P0016                ,    615747
P0017                ,    615818
P0018                ,    615846
P0019                ,    615850
P0020                ,    615880
P0021                ,    615896
P0022                ,    615941
P0023                ,    615957
P0024                ,    615958
P0025                ,    616000
P0026                ,    616017
P0027                ,    616136
P0028                ,    616276
P0029                ,    616316
P0030                ,    616317
P0031                ,    616417
P0032                ,    616423
P0033                ,    616461
P0034                ,    616496
P0035                ,    616522
P0036                ,    616556
P0037                ,    616557
P0038                ,    616596
P0039                ,    616597
P0040                ,    616616
P0041                ,    616776
P0042                ,    616816
P0043                ,    616817
P0044                ,    616879
P0045                ,    616880
P0046                ,    616884
P0047                ,    616896
P0048                ,    616897
P0049                ,    616936
P0050                ,    616937
P0051                ,    616939
P0052                ,    616956
P0053                ,    616958
P0054                ,    616998
P0055                ,    617016
P0056                ,    617037
P0057                ,    617039
P0058                ,    617040
P0059                ,    617058
P0060                ,    617059
P0061                ,    617096
P0062                ,    617119
P0063                ,    617120
P0064                ,    617123
P0065                ,    617145
P0066                ,    617156
P0067                ,    617196
P0068                ,    617216
P0069                ,    617256
P0070                ,    617257
P0071                ,    617276
P0072                ,    617296
P0073                ,    617297
P0074                ,    617298
P0075                ,    617299
P0076                ,    617317
P0077                ,    617318
P0078                ,    617322
P0079                ,    617323
P0080                ,    617330
P0081                ,    617331
P0082                ,    617333
P0083                ,    617334
P0084                ,    617336
P0085                ,    617337
P0086                ,    617356
P0087                ,    617376
P0088                ,    617377
P0089                ,    617378
P0090                ,    617379
P0091                ,    617380
P0092                ,    617382
P0093                ,    617383
P0094                ,    617397
P0095                ,    617398
P0096                ,    617399
P0097                ,    617400
P0098                ,    617403
P0099                ,    617404
P0100                ,    617405
P0101                ,    617406
P0102                ,    617416
P0103                ,    617417
P0104                ,    617418
P0105                ,    617420
P0106                ,    617421
P0107                ,    617422
P0108                ,    617423
P0109                ,    617425
P0110                ,    617436
P0111                ,    617456
P0112                ,    617457
P0113                ,    617459
P0114                ,    617476
P0115                ,    617481
P0116                ,    617482
P0117                ,    617484
P0118                ,    617485
P0119                ,    617486
P0120                ,    617497
P0121                ,    617498
P0122                ,    617499
P0123                ,    617500
P0124                ,    617501
P0125                ,    617502
P0126                ,    617503
P0127                ,    617506
P0128                ,    617507
P0129                ,    617516
P0130                ,    617517
P0131                ,    617519
P0132                ,    617536
P0133                ,    617538
P0134                ,    617556
P0135                ,    617558
P0136                ,    617559
P0137                ,    617560
P0138                ,    617561
P0139                ,    617562
P0140                ,    617581
P0141                ,    617582
P0142                ,    617583
P0143                ,    617584
P0144                ,    617586
P0145                ,    617590
P0146                ,    617617
P0147                ,    617636
P0148                ,    617638
P0149                ,    617640
P0150                ,    617643
P0151                ,    617644
P0152                ,    617656
P0153                ,    617657
P0154                ,    617658
P0155                ,    617659
P0156                ,    617660
P0157                ,    617661
P0158                ,    617662
P0159                ,    617663
P0160                ,    617676
P0161                ,    617696
P0162                ,    617697
P0163                ,    617698
P0164                ,    617738
P0165                ,    617758
P0166                ,    617759
P0167                ,    617760
P0168                ,    617761
P0169                ,    617763
P0170                ,    617776
P0171                ,    617777
P0172                ,    617779
P0173                ,    617780
P0174                ,    617816
P0175                ,    617823
P0176                ,    617824
P0177                ,    617825
P0178                ,    617836
P0179                ,    617837
P0180                ,    617857
P0181                ,    617859
P0182                ,    617876
P0183                ,    617878
P0184                ,    617879
P0185                ,    617881
P0186                ,    617882
P0187                ,    617883
P0188                ,    617885
P0189                ,    617896
P0190                ,    617897
P0191                ,    617898
P0192                ,    617917
P0193                ,    617919
P0194                ,    617936
P0195                ,    617937
P0196                ,    617938
P0197                ,    617956
P0198                ,    617958
P0199                ,    617961
P0200                ,    617976
P0201                ,    617977
P0202                ,    618016
P0203                ,    618017
P0204                ,    618018
P0205                ,    618019
P0206                ,    618036
P0207                ,    618037
P0208                ,    618041
P0209                ,    618042
P0210                ,    618043
P0211                ,    618057
P0212                ,    618058
P0213                ,    618059
P0214                ,    618061
P0215                ,    618063
P0216                ,    618064
P0217                ,    618065
P0218                ,    618076
P0219                ,    618077
P0220                ,    618078
P0221                ,    618081
P0222                ,    618082
P0223                ,    618096
P0224                ,    618117
P0225                ,    618118
P0226                ,    618119
P0227                ,    618120
P0228                ,    618138
P0229                ,    618144
P0230                ,    618156
P0231                ,    618157
P0232                ,    618161
P0233                ,    618166
P0234                ,    618168
P0235                ,    618169
P0236                ,    618170
P0237                ,    618171
P0238                ,    618176
P0239                ,    618177
P0240                ,    618178
P0241                ,    618196
P0242                ,    618197
P0243                ,    618198
P0244                ,    618200
P0245                ,    618201
P0246                ,    618202
P0247                ,    618203
P0248                ,    618206
P0249                ,    618209
P0250                ,    618210
P0251                ,    618211
P0252                ,    618212
P0253                ,    618213
P0254                ,    618214
P0255                ,    618215
P0256                ,    618216
P0257                ,    618218
P0258                ,    618220
P0259                ,    618221
P0260                ,    618236
P0261                ,    618237
P0262                ,    618238
P0263                ,    618239
P0264                ,    618240
P0265                ,    618241
P0266                ,    618242
P0267                ,    618256
P0268                ,    618258
P0269                ,    618276
P0270                ,    618277
P0271                ,    618296
P0272                ,    618297
P0273                ,    618298
P0274                ,    618316
P0275                ,    618319
P0276                ,    618322
P0277                ,    618323
P0278                ,    618336
P0279                ,    618337
P0280                ,    618338
P0281                ,    618339
P0282                ,    618340
P0283                ,    618342
P0284                ,    618343
P0285                ,    618344
P0286                ,    618345
P0287                ,    618347
P0288                ,    618348
P0289                ,    618351
P0290                ,    618356
P0291                ,    618357
P0292                ,    618358
P0293                ,    618359
P0294                ,    618360
P0295                ,    618364
P0296                ,    618387
P0297                ,    618388
P0298                ,    618389
P0299                ,    618390
P0300                ,    618391
P0301                ,    618392
P0302                ,    618395
P0303                ,    618398
P0304                ,    618399
P0305                ,    618400
P0306                ,    618419
P0307                ,    618420
P0308                ,    618421
P0309                ,    618422
P0310                ,    618423
P0311                ,    618424
P0312                ,    618425
P0313                ,    618428
P0314                ,    618430
P0315                ,    618432
P0316                ,    618434
P0317                ,    618435
P0318                ,    618437
P0319                ,    618439
P0320                ,    618444
P0321                ,    618445
P0322                ,    618446
P0323                ,    618448
P0324                ,    618450
P0325                ,    618451
P0326                ,    618452
P0327                ,    618453
P0328                ,    618454
P0329                ,    618458
P0330                ,    618459
P0331                ,    618460
P0332                ,    618461
P0333                ,    618462
P0334                ,    618476
P0335                ,    618477
P0336                ,    618478
P0337                ,    618479
P0338                ,    618480
P0339                ,    618481
P0340                ,    618482
P0341                ,    618483
P0342                ,    618484
P0343                ,    618486
P0344                ,    618488
P0345                ,    618489
P0346                ,    618492
P0347                ,    618493
P0348                ,    618496
P0349                ,    618497
P0350                ,    618516
P0351                ,    618518
P0352                ,    618519
P0353                ,    618520
P0354                ,    618521
P0355                ,    618522
P0356                ,    618524
P0357                ,    618525
P0358                ,    618526
P0359                ,    618529
P0360                ,    618536
P0361                ,    618537
P0362                ,    618556
P0363                ,    618557
P0364                ,    618558
P0365                ,    618559
P0366                ,    618561
P0367                ,    618563
P0368                ,    618568
P0369                ,    618569
P0370                ,    618570
P0371                ,    618571
P0372                ,    618572
P0373                ,    618574
P0374                ,    618578
P0375                ,    618596
P0376                ,    618597
P0377                ,    618598
P0378                ,    618599
P0379                ,    618600
P0380                ,    618601
P0381                ,    618617
P0382                ,    618637
P0383                ,    618656
P0384                ,    618657
P0385                ,    618658
P0386                ,    618661
P0387                ,    618678
P0388                ,    618679
P0389                ,    618696
P0390                ,    618716
P0391                ,    618717
P0392                ,    618720
P0393                ,    618721
P0394                ,    618722
P0395                ,    618723
P0396                ,    618724
P0397                ,    618726
P0398                ,    618727
P0399                ,    618728
P0400                ,    618729
P0401                ,    618730
P0402                ,    618731
P0403                ,    618734
P0404                ,    618735
P0405                ,    618736
P0406                ,    618737
P0407                ,    618738
P0408                ,    618739
P0409                ,    618744
P0410                ,    618749
P0411                ,    618750
P0412                ,    618751
P0413                ,    618752
P0414                ,    618753
P0415                ,    618754
P0416                ,    618755
P0417                ,    618756
P0418                ,    618757
P0419                ,    618760
P0420                ,    618761
P0421                ,    618762
P0422                ,    618763
P0423                ,    618764
P0424                ,    618765
P0425                ,    618766
P0426                ,    618767
P0427                ,    618770
P0428                ,    618776
P0429                ,    618777
P0430                ,    618778
P0431                ,    618780
P0432                ,    618781
P0433                ,    618783
P0434                ,    618796
P0435                ,    618797
P0436                ,    618798
P0437                ,    618799
P0438                ,    618802
P0439                ,    618804
P0440                ,    618805
P0441                ,    618806
P0442                ,    618807
P0443                ,    618808
P0444                ,    618809
P0445                ,    618811
P0446                ,    618812
P0447                ,    618813
P0448                ,    618814
P0449                ,    618816
P0450                ,    618817
P0451                ,    618836
P0452                ,    618838
P0453                ,    618840
P0454                ,    618841
P0455                ,    618857
P0456                ,    618858
P0457                ,    618859
P0458                ,    618860
P0459                ,    618864
P0460                ,    618867
P0461                ,    618868
P0462                ,    618869
P0463                ,    618872
P0464                ,    618873
P0465                ,    618874
P0466                ,    618875
P0467                ,    618877
P0468                ,    618878
P0469                ,    618880
P0470                ,    618882
P0471                ,    618883
P0472                ,    618884
P0473                ,    618885
P0474                ,    618886
P0475                ,    618887
P0476                ,    618888
P0477                ,    618889
P0478                ,    618890
P0479                ,    618893
P0480                ,    618896
P0481                ,    618897
P0482                ,    618916
P0483                ,    618917
P0484                ,    618918
P0485                ,    618919
P0486                ,    618920
P0487                ,    618922
P0488                ,    618936
P0489                ,    618937
P0490                ,    618941
P0491                ,    618942
P0492                ,    618943
P0493                ,    618944
P0494                ,    618956
P0495                ,    618958
P0496                ,    618978
P0497                ,    618980
P0498                ,    618981
P0499                ,    618996
P0500                ,    619016
P0501                ,    619018
P0502                ,    619019
P0503                ,    619020
P0504                ,    619021
P0505                ,    619036
P0506                ,    619056
P0507                ,    619059
P0508                ,    619060
P0509                ,    619062
P0510                ,    619063
P0511                ,    619066
P0512                ,    619073
P0513                ,    619080
P0514                ,    619081
P0515                ,    619096
P0516                ,    619098
P0517                ,    619116
P0518                ,    619117
P0519                ,    619118
P0520                ,    619119
P0521                ,    619120
P0522                ,    619124
P0523                ,    619125
P0524                ,    619128
P0525                ,    619129
P0526                ,    619130
P0527                ,    619132
P0528                ,    619136
P0529                ,    619137
P0530                ,    619138
P0531                ,    619139
P0532                ,    619140
P0533                ,    619143
P0534                ,    619146
P0535                ,    619147
P0536                ,    619149
P0537                ,    619150
P0538                ,    619176
P0539                ,    619196
P0540                ,    619200
P0541                ,    619201
P0542                ,    619202
P0543                ,    619203
P0544                ,    619204
P0545                ,    619205
P0546                ,    619216
P0547                ,    619218
P0548                ,    619219
P0549                ,    619222
P0550                ,    619223
P0551                ,    619224
P0552                ,    619236
P0553                ,    619238
P0554                ,    619239
P0555                ,    619256
P0556                ,    619257
P0557                ,    619259
P0558                ,    619260
P0559                ,    619262
P0560                ,    619263
P0561                ,    619264
P0562                ,    619265
P0563                ,    619268
P0564                ,    619271
P0565                ,    619272
P0566                ,    619273
P0567                ,    619275
P0568                ,    619277
P0569                ,    619278
P0570                ,    619279
P0571                ,    619280
P0572                ,    619281
P0573                ,    619282
P0574                ,    619283
P0575                ,    619284
P0576                ,    619285
P0577                ,    619286
P0578                ,    619296
P0579                ,    619297
P0580                ,    619298
P0581                ,    619299
P0582                ,    619300
P0583                ,    619301
P0584                ,    619303
P0585                ,    619305
P0586                ,    619306
P0587                ,    619316
P0588                ,    619317
P0589                ,    619318
P0590                ,    619319
P0591                ,    619320
P0592                ,    619322
P0593                ,    619325
P0594                ,    619326
P0595                ,    619327
P0596                ,    619329
P0597                ,    619336
P0598                ,    619357
P0599                ,    619359
P0600                ,    619360
P0601                ,    619377
P0602                ,    619378
P0603                ,    619379
P0604                ,    619381
P0605                ,    619382
P0606                ,    619383
P0607                ,    619385
P0608                ,    619386
P0609                ,    619397
P0610                ,    619416
P0611                ,    619417
P0612                ,    619418
P0613                ,    619419
P0614                ,    619420
P0615                ,    619437
P0616                ,    619456
P0617                ,    619457
P0618                ,    619458
P0619                ,    619459
P0620                ,    619462
P0621                ,    619466
P0622                ,    619467
P0623                ,    619468
P0624                ,    619476
P0625                ,    619477
P0626                ,    619478
P0627                ,    619479
P0628                ,    619481
P0629                ,    619497
P0630                ,    619516
P0631                ,    619517
P0632                ,    619519
P0633                ,    619536
P0634                ,    619537
P0635                ,    619538
P0636                ,    619539
P0637                ,    619540
P0638                ,    619576
P0639                ,    619577
P0640                ,    619578
P0641                ,    619579
P0642                ,    619582
P0643                ,    619583
P0644                ,    619584
P0645                ,    619585
P0646                ,    619596
P0647                ,    619598
P0648                ,    619600
P0649                ,    619601
P0650                ,    619602
P0651                ,    619604
P0652                ,    619605
P0653                ,    619606
P0654                ,    619607
P0655                ,    619610
P0656                ,    619611
P0657                ,    619612
P0658                ,    619613
P0659                ,    619614
P0660                ,    619615
P0661                ,    619618
P0662                ,    619619
P0663                ,    619636
P0664                ,    619637
P0665                ,    619638
P0666                ,    619656
P0667                ,    619657
P0668                ,    619658
P0669                ,    619660
P0670                ,    619661
P0671                ,    619663
P0672                ,    619664
P0673                ,    619666
P0674                ,    619667
P0675                ,    619669
P0676                ,    619670
P0677                ,    619671
P0678                ,    619672
P0679                ,    619673
P0680                ,    619676
P0681                ,    619696
P0682                ,    619716
P0683                ,    619736
P0684                ,    619737
P0685                ,    619738
P0686                ,    619739
P0687                ,    619742
P0688                ,    619756
P0689                ,    619761
P0690                ,    619763
P0691                ,    619764
P0692                ,    619765
P0693                ,    619766
P0694                ,    619767
P0695                ,    619768
P0696                ,    619771
P0697                ,    619772
P0698                ,    619774
P0699                ,    619776
P0700                ,    619777
P0701                ,    619780
P0702                ,    619799
P0703                ,    619802
P0704                ,    619804
P0705                ,    619805
P0706                ,    619816
P0707                ,    619836
P0708                ,    619837
P0709                ,    619838
P0710                ,    619839
P0711                ,    619840
P0712                ,    619841
P0713                ,    619842
P0714                ,    619843
P0715                ,    619844
P0716                ,    619845
P0717                ,    619856
P0718                ,    619858
P0719                ,    619861
P0720                ,    619862
P0721                ,    619876
P0722                ,    619877
P0723                ,    619896
P0724                ,    619898
P0725                ,    619916
P0726                ,    619917
P0727                ,    619936
P0728                ,    619938
P0729                ,    619939
P0730                ,    619940
P0731                ,    619957
P0732                ,    619958
P0733                ,    619959
P0734                ,    619960
P0735                ,    619961
P0736                ,    619962
P0737                ,    619963
P0738                ,    619964
P0739                ,    619965
P0740                ,    619966
P0741                ,    619967
P0742                ,    619976
P0743                ,    619996
P0744                ,    619997
P0745                ,    619998
P0746                ,    619999
P0747                ,    620003
P0748                ,    620016
P0749                ,    620017
P0750                ,    620018
P0751                ,    620019
P0752                ,    620020
P0753                ,    620021
P0754                ,    620022
P0755                ,    620023
P0756                ,    620024
P0757                ,    620056
P0758                ,    620057
P0759                ,    620058
P0760                ,    620059
P0761                ,    620078
P0762                ,    620079
P0763                ,    620080
P0764                ,    620082
P0765                ,    620083
P0766                ,    620084
P0767                ,    620096
P0768                ,    620097
P0769                ,    620098
P0770                ,    620099
P0771                ,    620100
P0772                ,    620116
P0773                ,    620122
P0774                ,    620125
P0775                ,    620127
P0776                ,    620136
P0777                ,    620139
P0778                ,    620140
P0779                ,    620141
P0780                ,    620142
P0781                ,    620143
P0782                ,    620144
P0783                ,    620145
P0784                ,    620146
P0785                ,    620147
P0786                ,    620150
P0787                ,    620151
P0788                ,    620152
P0789                ,    620154
P0790                ,    620155
P0791                ,    620157
P0792                ,    620159
P0793                ,    620161
P0794                ,    620162
P0795                ,    620164
P0796                ,    620165
P0797                ,    620166
P0798                ,    620167
P0799                ,    620168
P0800                ,    620176
P0801                ,    620180
P0802                ,    620196
P0803                ,    620198
P0804                ,    620199
P0805                ,    620216
P0806                ,    620219
P0807                ,    620220
P0808                ,    620221
P0809                ,    620225
P0810                ,    620228
P0811                ,    620229
P0812                ,    620230
P0813                ,    620236
P0814                ,    620241
P0815                ,    620242
P0816                ,    620243
P0817                ,    620256
P0818                ,    620260
P0819                ,    620261
P0820                ,    620262
P0821                ,    620267
P0822                ,    620268
P0823                ,    620276
P0824                ,    620277
P0825                ,    620279
P0826                ,    620280
P0827                ,    620281
P0828                ,    620282
P0829                ,    620284
P0830                ,    620285
P0831                ,    620287
P0832                ,    620288
P0833                ,    620289
P0834                ,    620292
P0835                ,    620293
P0836                ,    620294
P0837                ,    620295
P0838                ,    620296
P0839                ,    620316
P0840                ,    620319
P0841                ,    620320
P0842                ,    620338
P0843                ,    620356
P0844                ,    620376
P0845                ,    620377
P0846                ,    620378
P0847                ,    620379
P0848                ,    620380
P0849                ,    620396
P0850                ,    620397
P0851                ,    620416
P0852                ,    620436
P0853                ,    620438
P0854                ,    620439
P0855                ,    620441
P0856                ,    620456
P0857                ,    620458
P0858                ,    620459
P0859                ,    620460
P0860                ,    620463
P0861                ,    620468
P0862                ,    620476
P0863                ,    620496
P0864                ,    620497
P0865                ,    620498
P0866                ,    620516
P0867                ,    620517
P0868                ,    620518
P0869                ,    620519
P0870                ,    620520
P0871                ,    620521
P0872                ,    620522
P0873                ,    620556
P0874                ,    620557
P0875                ,    620563
P0876                ,    620564
P0877                ,    620565
P0878                ,    620566
P0879                ,    620567
P0880                ,    620568
P0881                ,    620569
P0882                ,    620570
P0883                ,    620576
P0884                ,    620596
P0885                ,    620598
P0886                ,    620601
P0887                ,    620602
P0888                ,    620603
P0889                ,    620606
P0890                ,    620608
P0891                ,    620612
P0892                ,    620614
P0893                ,    620616
P0894                ,    620618
P0895                ,    620636
P0896                ,    620637
P0897                ,    620638
P0898                ,    620639
P0899                ,    620640
P0900                ,    620641
P0901                ,    620642
P0902                ,    620643
P0903                ,    620644
P0904                ,    620647
P0905                ,    620648
P0906                ,    620649
P0907                ,    620652
P0908                ,    620654
P0909                ,    620656
P0910                ,    620657
P0911                ,    620658
P0912                ,    620659
P0913                ,    620660
P0914                ,    620661
P0915                ,    620662
P0916                ,    620663
P0917                ,    620664
P0918                ,    620665
P0919                ,    620666
P0920                ,    620667
P0921                ,    620668
P0922                ,    620669
P0923                ,    620670
P0924                ,    620672
P0925                ,    620673
P0926                ,    620674
P0927                ,    620676
P0928                ,    620677
P0929                ,    620678
P0930                ,    620679
P0931                ,    620680
P0932                ,    620681
P0933                ,    620697
P0934                ,    620698
P0935                ,    620699
P0936                ,    620701
P0937                ,    620702
P0938                ,    620704
P0939                ,    620705
P0940                ,    620706
P0941                ,    620707
P0942                ,    620708
P0943                ,    620711
P0944                ,    620716
P0945                ,    620718
P0946                ,    620720
P0947                ,    620721
P0948                ,    620722
P0949                ,    620725
P0950                ,    620727
P0951                ,    620736
P0952                ,    620737
P0953                ,    620739
P0954                ,    620742
P0955                ,    620743
P0956                ,    620744
P0957                ,    620745
P0958                ,    620746
P0959                ,    620747
P0960                ,    620749
P0961                ,    620750
P0962                ,    620751
P0963                ,    620752
P0964                ,    620753
P0965                ,    620754
P0966                ,    620755
P0967                ,    620756
P0968                ,    620757
P0969                ,    620758
P0970                ,    620776
P0971                ,    620778
P0972                ,    620780
P0973                ,    620782
P0974                ,    620784
P0975                ,    620786
P0976                ,    620787
P0977                ,    620788
P0978                ,    620792
P0979                ,    620793
P0980                ,    620794
P0981                ,    620795
P0982                ,    620796
P0983                ,    620797
P0984                ,    620816
P0985                ,    620817
P0986                ,    620818
P0987                ,    620836
P0988                ,    620856
P0989                ,    620857
P0990                ,    620858
P0991                ,    620859
P0992                ,    620876
P0993                ,    620877
P0994                ,    620896
P0995                ,    620897
P0996                ,    620899
P0997                ,    620900
P0998                ,    620906
P0999                ,    620907
P1000                ,    620918
