ParticipantID                       , ParticipantIdentifier, MessageID                           , EmailType, TemplateName          , ToEmailAddress   , SenderEmailAddress    , ContentVersion, Subject        , BounceType, BounceSubType
4d721588-1a42-4782-89dd-16bd1baf26cf, P0011                , e369536c-596f-4ab6-90ed-3cded8fb23f8, Reminder , 7D_SURVEY_REMINDER_2  , p0011@example.org, study-team@example.org,              1, Survey reminder, Permanent , General
32551c80-b925-417b-93a3-8d72e2de213a, P0042                , 72ba1ed4-8dd6-4d08-a058-1389413dc05b, Reminder , 4_6M_SURVEY_REMINDER_2, p0042@example.org, study-team@example.org,              2, Survey reminder, Permanent , General
ebb28622-1607-4d77-b6f0-d99d03f87626, P0064                , 7751db3d-0812-4002-8bed-583def3f198c, Reminder , 3M_SURVEY_REMINDER_1  , p0064@example.org, study-team@example.org,              4, Survey reminder, Permanent , General
c3cc9c9a-c920-4433-8779-c5fad3824dd6, P0081                , 880452e2-b6ea-4434-b3d1-593c02c0b667, Reminder , 24H_SURVEY_REMINDER_1 , p0081@example.org, study-team@example.org,              4, Survey reminder, Permanent , General
6ab5b7de-f50c-46a9-9ee8-5fb7fb0daec5, P0145                , 14c7d4f0-7908-40ae-8e71-696ba0280b3e, Reminder , 4_6M_SURVEY_REMINDER_1, p0145@example.org, study-team@example.org,              2, Survey reminder, Permanent , General
f4d96764-dd23-4ae7-907d-dc7e999bdfa2, P0187                , fd5410c9-6560-4d1f-8d25-163472999837, Reminder , 3M_SURVEY_REMINDER_1  , p0187@example.org, study-team@example.org,              2, Survey reminder, Permanent , General
b3f78303-73cd-46e6-813b-4313645ebbe5, P0190                , 599c2239-24ff-4e1f-adb8-8e5092652f9a, Reminder , 1M_SURVEY_REMINDER_1  , p0190@example.org, study-team@example.org,              2, Survey reminder, Permanent , General
bfec3a82-ad28-4a60-bddd-304754276df2, P0204                , 614ea27d-ecf9-4b38-9a54-74ae76cd419c, Reminder , 7D_SURVEY_REMINDER_1  , p0204@example.org, study-team@example.org,              4, Survey reminder, Permanent , General
ac12a7cf-577d-41d7-85f2-faab86a7d88b, P0205                , d68f71d9-cf84-431d-a5b1-9abac198517b, Reminder , 24H_SURVEY_REMINDER_3 , p0205@example.org, study-team@example.org,              3, Survey reminder, Permanent , General
c0e862ec-fdb2-4c72-ba8e-51cc435fa72e, P0206                , 3b271f81-521d-4e87-b2b0-53eafd9de152, Reminder , 7D_SURVEY_REMINDER_1  , p0206@example.org, study-team@example.org,              4, Survey reminder, Permanent , General
c5ec03c2-21dc-4e4d-af21-33cdd7e6cc42, P0207                , d38d210c-d162-4aa0-9633-6a19b318f258, Reminder , 7D_SURVEY_REMINDER_2  , p0207@example.org, study-team@example.org,              4, Survey reminder, Permanent , General
cd8c948d-502e-4833-bf7c-e58732e6e180, P0209                , 3c1400c5-0809-4517-bae1-a729cb2118be, Reminder , 24H_SURVEY_REMINDER_3 , p0209@example.org, study-team@example.org,              3, Survey reminder, Permanent , General
4aa24097-59e3-440e-8fec-fc31f804d78f, P0212                , 1ff499a1-1747-4889-ad5e-85bb34b58dae, Reminder , 4_6M_SURVEY_REMINDER_2, p0212@example.org, study-team@example.org,              2, Survey reminder, Permanent , General
b30b5d04-25aa-4323-a39d-7dac3cfeedb9, P0221                , 1f494abd-65b5-43d0-a801-cd2b2c61f61a, Reminder , 1M_SURVEY_REMINDER_1  , p0221@example.org, study-team@example.org,              3, Survey reminder, Permanent , General
1f38cab0-7170-4db6-97e1-c92fe0f31cb9, P0269                , 113fffe2-0ca4-495d-a51d-e907e5b7c6dd, Reminder , 1M_SURVEY_REMINDER_2  , p0269@example.org, study-team@example.org,              3, Survey reminder, Permanent , General
dfb6fee1-49b8-40dc-ac6e-16934278c992, P0277                , 24e3a223-5516-416c-b4a5-6ae69f3d18f7, Reminder , 4_6M_SURVEY_REMINDER_1, p0277@example.org, study-team@example.org,              4, Survey reminder, Permanent , General
31746d32-b253-46f5-9d49-5d96c7588668, P0289                , a88121fa-b62a-47a4-9e84-0594da52551f, Reminder , 24H_SURVEY_REMINDER_1 , p0289@example.org, study-team@example.org,              4, Survey reminder, Permanent , General
a281cdef-66ed-492f-bea6-78e8e7e65780, P0302                , e18ec01c-81ba-49c2-951d-52364c2415dd, Reminder , 7D_SURVEY_REMINDER_1  , p0302@example.org, study-team@example.org,              1, Survey reminder, Permanent , General
607efef2-72b0-4330-8558-268c628c2d1a, P0326                , 0690ad22-990c-4e3e-b71d-6812d1960168, Reminder , 4_6M_SURVEY_REMINDER_2, p0326@example.org, study-team@example.org,              4, Survey reminder, Permanent , General
650a3f4d-d698-459b-b7ce-eeb67d40552b, P0334                , 1873d04f-2d1f-49f1-887a-aebaa4e8c926, Reminder , 24H_SURVEY_REMINDER_1 , p0334@example.org, study-team@example.org,              4, Survey reminder, Permanent , General
25895338-7a36-4b19-be50-b2c97e7a9b21, P0358                , 6982fdbd-202f-444e-a43c-c74f6ad6fb0a, Reminder , 7D_SURVEY_REMINDER_2  , p0358@example.org, study-team@example.org,              1, Survey reminder, Permanent , General
ed571bf2-0ecb-4969-b47b-208c71c656be, P0367                , 40012bf6-c25a-43fe-8f7f-d9f19c6f33c7, Reminder , 3M_SURVEY_REMINDER_1  , p0367@example.org, study-team@example.org,              5, Survey reminder, Permanent , General
d322fd02-64c1-4bda-8944-e96749a40d06, P0474                , 90b840bb-fcf6-4ba3-a0b1-afdd1ee26350, Reminder , 7D_SURVEY_REMINDER_3  , p0474@example.org, study-team@example.org,              2, Survey reminder, Permanent , General
e5e3fd33-78a7-4375-b8a3-554dcd2666b6, P0508                , c49221d6-4977-4abd-8080-eb3243ef0590, Reminder , 24H_SURVEY_REMINDER_3 , p0508@example.org, study-team@example.org,              2, Survey reminder, Permanent , General
40fc5617-8090-4e56-bf16-8286b33ccb89, P0512                , 3f3efa74-e901-4a66-a9b3-c771a6e1f157, Reminder , 7D_SURVEY_REMINDER_1  , p0512@example.org, study-team@example.org,              3, Survey reminder, Permanent , General
7365581d-fb33-401a-a77a-bc8afb8c6a86, P0524                , dd6806e6-30ce-4702-8e21-92a28b50c5cd, Reminder , 4_6M_SURVEY_REMINDER_2, p0524@example.org, study-team@example.org,              1, Survey reminder, Permanent , General
6d25b72e-5775-40e4-8dfc-d82779bc9205, P0533                , dfc4d5a8-71ab-42b5-b67f-66d00f4929cc, Reminder , 24H_SURVEY_REMINDER_2 , p0533@example.org, study-team@example.org,              1, Survey reminder, Permanent , General
67ab7c33-64ce-4fe6-ad7b-68e7a47c4d6f, P0534                , f9844c44-f512-43ed-870d-c02ea78266ad, Reminder , 1M_SURVEY_REMINDER_1  , p0534@example.org, study-team@example.org,              1, Survey reminder, Permanent , General
24dbb403-331a-4434-b6e5-a8c080a0dcba, P0572                , c9e6fd4e-b495-4b6c-a748-4ab5c8eada16, Reminder , 4_6M_SURVEY_REMINDER_2, p0572@example.org, study-team@example.org,              4, Survey reminder, Permanent , General
c42d8582-e83d-4bb2-a7e9-f1c630072350, P0599                , 43c67de7-5674-4982-877a-295464b41d42, Reminder , 24H_SURVEY_REMINDER_2 , p0599@example.org, study-team@example.org,              2, Survey reminder, Permanent , General
045bdc74-1c05-4875-9ee3-5fe14b31876a, P0638                , c0756422-2d03-4ca6-b45c-94bd43b6467a, Reminder , 24H_SURVEY_REMINDER_3 , p0638@example.org, study-team@example.org,              3, Survey reminder, Permanent , General
9f546678-4eac-4b29-a74c-6092d624448c, P0642                , bb7dd4e8-f30a-4cb4-aa41-2f60fac2e1d3, Reminder , 1M_SURVEY_REMINDER_2  , p0642@example.org, study-team@example.org,              5, Survey reminder, Permanent , General
8e2c4d24-d2b2-40c5-8f3c-be4ced291000, P0648                , 78e196fa-170b-4fec-b517-587893600740, Reminder , 7D_SURVEY_REMINDER_1  , p0648@example.org, study-team@example.org,              5, Survey reminder, Permanent , General
68a73242-6ff0-45cc-9199-e60e26408614, P0673                , f4192415-aecf-4916-a487-e2810e2a238a, Reminder , 1M_SURVEY_REMINDER_1  , p0673@example.org, study-team@example.org,              5, Survey reminder, Permanent , General
7aff8e6c-e110-44a2-b83f-f51bd623a51e, P0674                , 1ca23f70-cc61-4de6-b2b2-6d4cf463b79b, Reminder , 1M_SURVEY_REMINDER_1  , p0674@example.org, study-team@example.org,              2, Survey reminder, Permanent , General
78754fa4-f6f2-43bc-8395-3df62e5ba6c4, P0691                , de41e844-10ae-49de-ab97-575790bbd529, Reminder , 7D_SURVEY_REMINDER_1  , p0691@example.org, study-team@example.org,              2, Survey reminder, Permanent , General
fc7486f3-8903-4bae-b95b-30a6ab7de4ec, P0731                , 810e9a38-ae99-4148-b60f-41e1590081b5, Reminder , 7D_SURVEY_REMINDER_1  , p0731@example.org, study-team@example.org,              2, Survey reminder, Permanent , General
008ba390-2609-46e5-be53-2d94ca6c5dd8, P0738                , dcb593fd-23f0-4cdc-aea9-15813ed30e9a, Reminder , 4_6M_SURVEY_REMINDER_2, p0738@example.org, study-team@example.org,              1, Survey reminder, Permanent , General
af1e16ef-18ed-4d4a-b69d-56f82322064e, P0741                , b6dab16a-6d8a-44d7-ad36-b4aeb1488165, Reminder , 3M_SURVEY_REMINDER_2  , p0741@example.org, study-team@example.org,              4, Survey reminder, Permanent , General
556e85f5-d422-4cbf-8157-5b9aff95bc1a, P0793                , ac9d71f4-030f-43a2-b616-33e66816588c, Reminder , 4_6M_SURVEY_REMINDER_1, p0793@example.org, study-team@example.org,              2, Survey reminder, Permanent , General
d5a7a158-76e6-4f40-af65-ab3fda834627, P0796                , 6c5aee06-6fd8-4cfb-bfa2-fbf4ea015daf, Reminder , 3M_SURVEY_REMINDER_1  , p0796@example.org, study-team@example.org,              3, Survey reminder, Permanent , General
b98a3e77-a79e-467a-b1f0-98a07087a6ab, P0801                , 79b5a1b7-2e26-48b2-b715-9e53850fc270, Reminder , 24H_SURVEY_REMINDER_1 , p0801@example.org, study-team@example.org,              1, Survey reminder, Permanent , General
29da2b62-6dcd-478a-92b7-6e9001b64828, P0821                , fcc797e7-8b17-4230-94cd-ad2ce40badd6, Reminder , 7D_SURVEY_REMINDER_2  , p0821@example.org, study-team@example.org,              2, Survey reminder, Permanent , General
29da2b62-6dcd-478a-92b7-6e9001b64828, P0821                , ebb90968-d753-40ca-8edd-d56c2becad20, Reminder , 3M_SURVEY_REMINDER_2  , p0821@example.org, study-team@example.org,              1, Survey reminder, Permanent , General
1ce7e075-d5b3-44d3-b81b-62d6bb214dd7, P0871                , c4f15a66-0dae-44f0-af05-cb12f8a7e94a, Reminder , 4_6M_SURVEY_REMINDER_1, p0871@example.org, study-team@example.org,              3, Survey reminder, Permanent , General
50a5c954-9dc2-4557-a3cc-7d0be1402987, P0874                , aecca571-2572-46fc-9313-2bb486f4210e, Reminder , 1M_SURVEY_REMINDER_3  , p0874@example.org, study-team@example.org,              3, Survey reminder, Permanent , General
50a5c954-9dc2-4557-a3cc-7d0be1402987, P0874                , 71937ad5-820a-4c73-bbee-b78f418489b2, Reminder , 4_6M_SURVEY_REMINDER_1, p0874@example.org, study-team@example.org,              3, Survey reminder, Permanent , General
379beb56-06ef-4f59-bf99-7cef0a3f0d6c, P0876                , fafa006b-2762-4bab-8189-1860b4b31d65, Reminder , 24H_SURVEY_REMINDER_1 , p0876@example.org, study-team@example.org,              4, Survey reminder, Permanent , General
8a19478c-58ad-482a-81c0-bdc4eea55770, P0924                , 7249aba0-d074-41eb-87cf-d54b30b2a639, Reminder , 4_6M_SURVEY_REMINDER_2, p0924@example.org, study-team@example.org,              4, Survey reminder, Permanent , General
1b47c784-8bb6-4fe1-80c0-daa5fbb39826, P0927                , 5b9466a7-c0e6-4f4f-8eac-7b2acc586bc1, Reminder , 7D_SURVEY_REMINDER_1  , p0927@example.org, study-team@example.org,              4, Survey reminder, Permanent , General
ebe52f7e-a693-4bdd-a50c-31b172ee9326, P0955                , 1e6e242f-6334-4ed9-a6d2-982c5793b40f, Reminder , 1M_SURVEY_REMINDER_1  , p0955@example.org, study-team@example.org,              2, Survey reminder, Permanent , General
81dcb996-0d3f-4c4c-ba83-aac8627dca22, P0958                , aab131fe-2d04-4c50-96c0-a648026cb6a7, Reminder , 24H_SURVEY_REMINDER_2 , p0958@example.org, study-team@example.org,              1, Survey reminder, Permanent , General
392d09dc-4507-4f2e-91ab-f0083987e039, P0978                , dd417c70-e106-486f-b47a-0e58bacb0b19, Reminder , 24H_SURVEY_REMINDER_2 , p0978@example.org, study-team@example.org,              4, Survey reminder, Permanent , General
359afd23-8f1e-448a-bfed-80ee49099072, P0993                , 894d871e-fe03-4b48-9638-e5022e3fdc46, Reminder , 3M_SURVEY_REMINDER_2  , p0993@example.org, study-team@example.org,              1, Survey reminder, Permanent , General
