ParticipantID                       , ParticipantIdentifier, MessageID                           , PhoneNumber , MessageType, FailureCode, FailureMessage   , Timestamp
10a375d1-9c4e-420c-8d06-ea850e2a12f5, P0013                , ed3a9e78-cd4e-49c7-9eeb-227f49136aea, +15550000013, Reminder   ,       30007, Carrier violation, 2025-09-05T15:30:41Z
2b0db1cd-a9a9-4812-afcb-008cc97fc13b, P0016                , 7a727e04-ec56-4c34-a5fa-4785429c793b, +15550000016, Reminder   ,       30007, Carrier violation, 2025-11-09T21:44:01Z
5d8b825e-2096-45f1-9555-18ef3bde48d6, P0022                , 87f00bcb-c94e-4ebb-ab79-03d35b676dc3, +15550000022, Reminder   ,       30007, Carrier violation, 2025-08-11T03:33:58Z
2423fe9e-5326-4109-841d-7d9c49eb029c, P0025                , 6e0bd904-bca6-4819-b098-968c0ea8c1e7, +15550000025, Reminder   ,       30007, Carrier violation, 2026-01-17T07:46:33Z
e4bfd8bb-a560-43af-a1d8-78eb0815157e, P0029                , a5f9aed6-a57d-4888-88e1-d9f6f3ee4fd0, +15550000029, Reminder   ,       30007, Carrier violation, 2026-02-05T01:48:15Z
c5685835-4d66-4fc0-85ae-41bb9498ad2f, P0030                , ac76e2c1-39b7-481f-9797-d367c9da1cf1, +15550000030, Reminder   ,       30007, Carrier violation, 2025-05-03T20:24:16Z
f77e701b-e5d2-4e53-8dd7-5574a2cd9ce3, P0040                , 7f86dbbb-6635-4111-86a4-4d6ea59bd103, +15550000040, Reminder   ,       30007, Carrier violation, 2025-07-17T21:48:32Z
5e6a48b4-9968-4faa-9d32-d20f2ab32b9a, P0053                , 08bbf024-0e43-42ac-b42b-0bf87255ffc1, +15550000053, Reminder   ,       30007, Carrier violation, 2025-09-14T03:57:47Z
2ba0ff4a-8531-4a0d-9916-f9048f7d6d5e, P0056                , 1281ede5-793c-4134-b2e1-1d557389d9fa, +15550000056, Reminder   ,       30007, Carrier violation, 2025-05-15T16:42:46Z
2cf4ab67-fa28-4dd5-b912-31bccb7d95ad, P0072                , 71221fb5-492b-4a77-ab53-9eecb3e747e9, +15550000072, Reminder   ,       30007, Carrier violation, 2025-10-11T13:43:21Z
7cea1968-ad5a-41f5-b264-ad2d6f5b1148, P0074                , 76ed154d-3bb8-4db0-8b47-fbc705cd6fa5, +15550000074, Reminder   ,       30007, Carrier violation, 2025-05-29T16:27:53Z
54e2e4d7-4ad3-4a5e-a7ab-ca3461e61e40, P0076                , 65f11072-9912-4d97-896b-1e4b427403d1, +15550000076, Reminder   ,       30007, Carrier violation, 2025-09-12T11:21:28Z
f074ffbe-8502-4805-a99d-fbf0d81d6f84, P0080                , fbc23b73-59c2-459f-8890-fdfe75494fc0, +15550000080, Reminder   ,       30007, Carrier violation, 2025-08-23T23:17:28Z
6a923399-7071-4f8c-b8ec-88a81ad77bea, P0086                , 0641c68a-2a17-4801-abd0-9360b2abd177, +15550000086, Reminder   ,       30007, Carrier violation, 2025-07-24T03:36:40Z
fafdbfd6-777d-422f-9c8d-27a0381598b3, P0115                , 3d224c85-f9b6-4247-b867-604490b8435f, +15550000115, Reminder   ,       30007, Carrier violation, 2025-09-25T21:21:38Z
61f0e083-12b5-45e5-b226-8d869d0c0b0d, P0119                , 3ca60126-c21f-4252-a7e2-0307feeafd25, +15550000119, Reminder   ,       30007, Carrier violation, 2025-06-19T06:23:32Z
180c06aa-92ed-4cff-ac15-b66dbf398e94, P0121                , 9d006990-2892-4024-8773-4bf1dd173406, +15550000121, Reminder   ,       30007, Carrier violation, 2025-03-27T19:23:12Z
086ab6a6-b85d-465a-a673-ddb8a46a9f59, P0127                , 70e97887-9d86-407a-a16c-b2cec39d0979, +15550000127, Reminder   ,       30007, Carrier violation, 2025-02-18T22:15:05Z
27cda347-079a-4de3-87fd-1f9d3d9c7a20, P0130                , e506d6c7-3004-4c48-a7d2-e604f05a27e3, +15550000130, Reminder   ,       30007, Carrier violation, 2025-07-06T21:39:21Z
c43210cf-d018-4fcc-9070-86e1f236c285, P0142                , 5869ff96-a114-4ea1-8997-e8e957cc10dc, +15550000142, Reminder   ,       30007, Carrier violation, 2026-03-16T02:42:01Z
5dd5d951-7804-4010-b1cf-5b28a46602f2, P0147                , ceb77a08-0b35-400e-9f77-85abb1b21b45, +15550000147, Reminder   ,       30007, Carrier violation, 2026-02-09T03:09:51Z
6249d580-4977-45cf-8895-2e941e027475, P0154                , d3b6fc2f-14b0-4616-bcfd-8c4fe6621c6a, +15550000154, Reminder   ,       30007, Carrier violation, 2025-08-13T23:36:08Z
6249d580-4977-45cf-8895-2e941e027475, P0154                , 336479fa-afa8-4b43-b26a-f68c66e69e78, +15550000154, Reminder   ,       30007, Carrier violation, 2025-08-14T23:36:08Z
cdcc5b24-1e7d-466f-a76c-809c3ca57875, P0168                , ddc90c35-ca7b-4a65-89ba-df33b4255a94, +15550000168, Reminder   ,       30007, Carrier violation, 2025-03-28T02:37:36Z
63864ecf-3d35-429e-a0ee-b7dc2f3d0911, P0171                , a484844e-6bef-4845-b9d3-728407e5ef8e, +15550000171, Reminder   ,       30007, Carrier violation, 2025-10-07T01:50:16Z
e4409f20-e331-4beb-9637-fbf2323bd415, P0174                , 233002b4-5c14-44c3-96e3-e4bb84a556a9, +15550000174, Reminder   ,       30007, Carrier violation, 2025-11-26T07:11:55Z
3dac9f8d-7b0f-426a-bf7a-1d203d30981a, P0180                , 88f22dd1-79d7-4ce1-b926-efc9fc1983e2, +15550000180, Reminder   ,       30007, Carrier violation, 2025-12-16T08:58:44Z
3214e498-43de-43e9-b5be-fd303a2fe425, P0183                , 45add5a9-a4d9-4854-841f-d452240c1ce6, +15550000183, Reminder   ,       30007, Carrier violation, 2026-05-01T09:14:32Z
b8c3f77e-46c6-4290-b87b-aaba9476b0b6, P0196                , cff0d41c-6d2c-48d0-839b-d47c08381f06, +15550000196, Reminder   ,       30007, Carrier violation, 2025-07-26T09:31:56Z
40342a16-356d-4aa7-a69f-0d9cff57b9a6, P0220                , 1a128a82-062a-422a-87ff-7950483f5802, +15550000220, Reminder   ,       30007, Carrier violation, 2025-11-25T18:46:37Z
4d7aff12-83e4-4a59-808f-f92388e199a8, P0240                , 77454cfa-368b-4d54-8058-69d6b0866747, +15550000240, Reminder   ,       30007, Carrier violation, 2025-03-09T14:28:54Z
41ca1140-a261-4f5a-a6ae-27c7463f729a, P0245                , 79c79e8d-a168-46c3-8b11-070443b155f4, +15550000245, Reminder   ,       30007, Carrier violation, 2025-09-11T12:42:59Z
593e45a7-c14f-4f5d-ba72-8e8f40383059, P0247                , e4b19db9-fbb3-4103-a68c-acaa0212e63c, +15550000247, Reminder   ,       30007, Carrier violation, 2026-05-25T04:50:39Z
08328c8b-5726-41d0-a1f4-4df0e7b58c8b, P0255                , 17727b16-1355-4489-9a9a-d946594bf401, +15550000255, Reminder   ,       30007, Carrier violation, 2025-06-29T01:50:31Z
2c2640c2-c8d5-46b0-8fbe-5d8004e324f6, P0256                , 4b4bc142-42e8-4b50-95f9-69b9f1092f7f, +15550000256, Reminder   ,       30007, Carrier violation, 2025-12-06T05:31:53Z
ab1947fe-b754-4746-92d8-88c825fe3ea0, P0258                , 45822891-e674-4510-adae-1c52d99c1651, +15550000258, Reminder   ,       30007, Carrier violation, 2025-02-22T12:01:47Z
4f7ee3cd-fb4d-42e1-b2b5-6ec4b9ee3ef3, P0265                , 4b777a04-90b6-4701-a789-140442f45206, +15550000265, Reminder   ,       30007, Carrier violation, 2025-06-12T17:59:14Z
a578eb75-3911-4714-b945-5a3f83dcecaa, P0273                , e006debd-e2f6-4877-b375-23a394bd97bd, +15550000273, Reminder   ,       30007, Carrier violation, 2025-11-15T03:11:36Z
cafa2fce-0d7a-49a6-b862-711d4ca202c4, P0275                , 2e8a5573-abd6-4261-837f-0ca22c9c173d, +15550000275, Reminder   ,       30007, Carrier violation, 2025-12-21T17:07:48Z
b691ae26-1901-4b19-a9b2-ad0d36a53503, P0279                , 27ebe130-58f7-4f55-9282-33acba40a7e7, +15550000279, Reminder   ,       30007, Carrier violation, 2025-03-08T05:27:51Z
49f38784-a134-423e-9e97-5cb12533f64c, P0283                , beb68829-35bf-405c-84b0-caa3ea8044ab, +15550000283, Reminder   ,       30007, Carrier violation, 2025-08-27T12:38:14Z
07dc8990-f63b-4da1-9f6e-7319ec2ecc13, P0293                , a52dda53-465a-48cd-9ae0-30e2a76a7a5b, +15550000293, Reminder   ,       30007, Carrier violation, 2025-05-26T17:57:30Z
3e6efba3-ceb7-40c0-8d87-736a396d1a4c, P0294                , f53d4bd5-5c10-4659-87ba-b8b5a10ec088, +15550000294, Reminder   ,       30007, Carrier violation, 2026-01-29T11:35:02Z
3e6efba3-ceb7-40c0-8d87-736a396d1a4c, P0294                , 81f003ab-8421-4765-9709-9029386272e1, +15550000294, Reminder   ,       30007, Carrier violation, 2026-05-02T10:35:02Z
0c8a230a-86e7-4549-ab23-49b52a2d2c13, P0300                , 0451479c-b155-4fe4-81e0-01d0290043cf, +15550000300, Reminder   ,       30007, Carrier violation, 2025-05-09T18:57:02Z
a0cfb88d-8234-48ae-8437-32ca63017c6f, P0320                , d623c35e-ac2c-4a5e-83c8-d0270bc1009b, +15550000320, Reminder   ,       30007, Carrier violation, 2025-09-26T16:29:32Z
c3d2eb77-ff2b-490f-8b58-d97805f28513, P0323                , 77c54c64-ef16-4fe8-beee-0f7be1553512, +15550000323, Reminder   ,       30007, Carrier violation, 2025-12-22T01:04:05Z
c3d2eb77-ff2b-490f-8b58-d97805f28513, P0323                , 06c42a63-333b-47f4-b3cf-e651fa7ffd27, +15550000323, Reminder   ,       30007, Carrier violation, 2025-12-23T01:04:05Z
a094ac28-ee39-4537-a0a1-3f98b015bf73, P0336                , 67c84ced-dae9-49d2-826c-4367b537a04c, +15550000336, Reminder   ,       30007, Carrier violation, 2026-05-14T01:09:06Z
dbf620c3-8205-47ae-ace9-e1cdfc548f70, P0357                , 45923d51-f13c-48e0-8ca7-1f712026dffe, +15550000357, Reminder   ,       30007, Carrier violation, 2025-05-24T23:39:55Z
ac01b18e-3d15-41af-b185-252b63568f08, P0375                , 6b562485-2d3b-44b0-b1cb-cfe05c894af6, +15550000375, Reminder   ,       30007, Carrier violation, 2025-09-30T16:00:32Z
7e2ae7c6-7d7c-4741-a34d-a1cc6371a3e2, P0377                , dd22dfcd-4c17-476e-81d2-7635a571fc11, +15550000377, Reminder   ,       30007, Carrier violation, 2026-01-30T13:26:40Z
1daff0b5-b473-4105-b8bb-d8d2cdcd51bb, P0395                , 3e68c574-3101-4102-b58a-f0d1851435eb, +15550000395, Reminder   ,       30007, Carrier violation, 2025-12-04T19:43:34Z
193f7ae6-dfdf-450c-a327-0c74c7c728d6, P0397                , c7aedbbd-8397-482e-978f-e5f0c030f3bd, +15550000397, Reminder   ,       30007, Carrier violation, 2025-04-01T08:12:08Z
91e94c87-7a28-4003-aeb4-a98c77fac442, P0407                , 70cd4e2d-3b01-4222-99b3-9b85941f3b6d, +15550000407, Reminder   ,       30007, Carrier violation, 2025-11-21T06:17:50Z
0f93defe-873d-4fd9-92bf-4c9096f161c7, P0416                , 735ef825-920d-4dc8-b3fc-81a58ac59682, +15550000416, Reminder   ,       30007, Carrier violation, 2025-10-23T02:06:11Z
571a8687-ffb5-403d-8932-e1bb90d00c51, P0424                , 1ed0d05c-7d77-48d4-8adb-ad2edf1e64a9, +15550000424, Reminder   ,       30007, Carrier violation, 2026-01-30T15:08:08Z
0ef434bb-4ea0-4496-bd65-9af751c644a8, P0426                , 4831b911-12e8-4746-9cdd-31dedcce6553, +15550000426, Reminder   ,       30007, Carrier violation, 2025-07-20T10:11:47Z
d7bf1d28-f1da-49bb-bdaf-631aa2dbc37f, P0431                , 77716a5c-3bf9-4795-bd2e-97ad6238190d, +15550000431, Reminder   ,       30007, Carrier violation, 2025-04-24T18:41:06Z
feb0e951-8b7b-4028-b842-54c8c870f2fe, P0444                , ba96e971-9f2a-4abc-beb9-c6531fac694f, +15550000444, Reminder   ,       30007, Carrier violation, 2025-03-16T00:24:18Z
540b4896-403f-4a90-8064-ce2f34ba7b83, P0459                , 9663ecfe-b4f2-41f6-814a-a2851f2bf9ca, +15550000459, Reminder   ,       30007, Carrier violation, 2026-01-18T22:34:28Z
f4d29d91-8d6c-4c25-9c70-6ecb5509fa72, P0465                , c757fd31-49fb-46bd-9f6e-90b81165f6b5, +15550000465, Reminder   ,       30007, Carrier violation, 2025-08-26T04:16:39Z
71081554-f146-4e43-ab9a-14029c1bb284, P0470                , 611aa13b-028d-4321-bbfd-54d7d1128445, +15550000470, Reminder   ,       30007, Carrier violation, 2025-07-10T08:47:24Z
26dbe47d-ae4e-45e3-be92-1c964b8abe76, P0482                , d0345d8b-9144-4727-ba3a-2eb41c00fc74, +15550000482, Reminder   ,       30007, Carrier violation, 2025-07-30T20:39:25Z
c30cde6b-ef68-4f00-9233-73ba882632c6, P0485                , 25b66a60-e758-48ca-946a-3d8306d5c107, +15550000485, Reminder   ,       30007, Carrier violation, 2025-10-25T20:22:19Z
64e9ec8d-e722-4dea-8e69-6de0c0201e34, P0491                , 4d24fba3-7409-4eaf-957a-94b386bef89e, +15550000491, Reminder   ,       30007, Carrier violation, 2025-05-03T19:46:48Z
c6a3dcd8-b296-490d-9ee3-95a6f8d0b666, P0492                , 9499657f-b1a7-4478-96c1-27c12ad26429, +15550000492, Reminder   ,       30007, Carrier violation, 2025-10-31T07:51:55Z
4e7a0a2c-7a3e-4624-8e0c-d699bfed305b, P0507                , 8013ee83-2489-40aa-98e3-b97c3fe2a812, +15550000507, Reminder   ,       30007, Carrier violation, 2025-06-22T23:46:07Z
c715a539-8e02-4bab-8cbc-21df2012c26c, P0538                , 2dd0b33e-694a-4ecd-8dee-caf7c03c8c47, +15550000538, Reminder   ,       30007, Carrier violation, 2025-10-26T17:17:27Z
89f3cb62-0f5a-42a3-9bd8-e8a5a059bad0, P0540                , a06b2f35-3b6e-4f89-b1f4-bce49b77c93a, +15550000540, Reminder   ,       30007, Carrier violation, 2025-06-04T08:12:21Z
55abb171-da57-48a5-8f96-54b99c105c5e, P0541                , 328344d9-6004-4237-8586-087f54c089dd, +15550000541, Reminder   ,       30007, Carrier violation, 2025-11-14T23:14:59Z
247c97de-169a-428a-bfb1-9907d5e07107, P0551                , 8e9d2c96-d5b0-46d6-801c-e20512a8255c, +15550000551, Reminder   ,       30007, Carrier violation, 2025-07-30T11:06:43Z
ff3c61e5-f742-4785-a139-0ba5644bbf78, P0557                , 9740ffe1-dbf8-4cf2-a87c-d7849fde8023, +15550000557, Reminder   ,       30007, Carrier violation, 2025-08-22T10:50:25Z
ff3c61e5-f742-4785-a139-0ba5644bbf78, P0557                , 81796bd3-730b-456e-9f0e-dc1e4d12373f, +15550000557, Reminder   ,       30007, Carrier violation, 2025-08-23T10:50:25Z
64c6f6d6-dd2c-4fb2-bea0-7b012aeb7515, P0558                , a347cbd7-c4a4-49d3-ba14-2e7e0786e0fe, +15550000558, Reminder   ,       30007, Carrier violation, 2025-05-19T23:54:12Z
bfd7e5af-9df6-4a8d-b7fb-01a02fb2becf, P0559                , 0c2bb56b-18fc-4357-876a-a79f0d4dcd2a, +15550000559, Reminder   ,       30007, Carrier violation, 2026-01-22T09:00:26Z
e028287e-8c11-493b-8ff9-a55f3ee4a851, P0563                , a8ec18aa-b608-46f8-b0a3-911444f468ad, +15550000563, Reminder   ,       30007, Carrier violation, 2025-04-12T16:23:12Z
9a01ee7e-42eb-465c-a033-924a5eb8e38f, P0567                , be889f3b-86a5-4845-b183-aa345621ded1, +15550000567, Reminder   ,       30007, Carrier violation, 2025-06-18T17:53:59Z
1133eca3-5724-4565-879a-d5cb462fc0df, P0579                , 921b9ee1-a6bf-4b96-a80f-f868b076ce24, +15550000579, Reminder   ,       30007, Carrier violation, 2025-12-11T09:27:09Z
852a4288-79f3-4900-b551-a596ac0a3a46, P0584                , aedaab83-b184-422e-95a6-ef9d029ec016, +15550000584, Reminder   ,       30007, Carrier violation, 2025-08-06T17:34:25Z
89398771-1a67-4f1a-9eed-8ecf68554d59, P0603                , 52c9d47f-6b1c-43cd-82e3-c7890a4a8476, +15550000603, Reminder   ,       30007, Carrier violation, 2025-08-20T01:13:45Z
c44915e6-3974-432a-8947-ae1131d7baa8, P0610                , cfbc0863-49d0-4528-9e19-d6d8afccb6a7, +15550000610, Reminder   ,       30007, Carrier violation, 2025-12-04T21:53:17Z
c44915e6-3974-432a-8947-ae1131d7baa8, P0610                , daf6b1b0-ba00-46d3-8e38-fca34c46d3ad, +15550000610, Reminder   ,       30007, Carrier violation, 2025-12-10T21:53:17Z
01bfb301-3814-43e3-9b36-db6f93a6b2bb, P0613                , 4b39689f-7db4-4521-a98e-53022c8ceeb9, +15550000613, Reminder   ,       30007, Carrier violation, 2026-05-07T21:41:08Z
c6311a1f-6b2a-4368-b59e-83b0b19d0c32, P0615                , 875b8641-2f11-4865-8699-4ea9cac95d13, +15550000615, Reminder   ,       30007, Carrier violation, 2025-05-21T19:40:51Z
c6311a1f-6b2a-4368-b59e-83b0b19d0c32, P0615                , a941c27a-a887-41e0-bed4-7a6a097ffe1c, +15550000615, Reminder   ,       30007, Carrier violation, 2025-08-11T19:40:51Z
58c99884-9010-4d52-a451-7129519e5d95, P0618                , edfc2841-3a84-43c2-8f49-fccb03f4c560, +15550000618, Reminder   ,       30007, Carrier violation, 2026-01-20T13:45:10Z
b8e9efd7-09ea-4183-a7a6-b105e6fc37e2, P0633                , 40925fed-aa40-45cc-8fa3-d259665b4cf7, +15550000633, Reminder   ,       30007, Carrier violation, 2025-03-01T02:59:59Z
045bdc74-1c05-4875-9ee3-5fe14b31876a, P0638                , 0279255f-d196-4fcb-a547-d013df6c2938, +15550000638, Reminder   ,       30007, Carrier violation, 2025-07-05T11:38:52Z
4ba28cae-bc55-4cdd-9209-3be0c76518a7, P0641                , 16ee89bf-8a39-47b8-8bf4-bc0bc3222f5d, +15550000641, Reminder   ,       30007, Carrier violation, 2025-11-12T09:51:54Z
5cbbfef8-82af-4ff0-af7e-ddcf5ff19b8c, P0650                , ddeb6db4-8481-4a29-aada-d60be696c79d, +15550000650, Reminder   ,       30007, Carrier violation, 2025-10-07T23:08:34Z
1784db25-4b12-48fa-913c-00b5feb8f30c, P0656                , fd5d2b2e-92d5-46e0-ac26-0a8255c915d9, +15550000656, Reminder   ,       30007, Carrier violation, 2025-08-03T14:35:23Z
c6f305a8-ba10-4c1a-b52f-af74b511a6d5, P0659                , 5f8ef54b-5fcd-4d71-ac7c-7330c2438df6, +15550000659, Reminder   ,       30007, Carrier violation, 2025-09-28T00:34:48Z
e0be534a-7035-4a5f-8609-50241525bce1, P0660                , f57a8bdd-7504-44b3-8cfd-5ceec31f11c4, +15550000660, Reminder   ,       30007, Carrier violation, 2025-09-13T23:24:02Z
cf02b57d-42b4-45c7-8cc9-1cf93a1e6311, P0670                , f0c00677-d8cd-4fe3-9776-f9b6e0739231, +15550000670, Reminder   ,       30007, Carrier violation, 2025-06-19T03:33:13Z
af38ec08-6251-4796-bc3c-da4da0f9534f, P0677                , 152e994d-55c6-4432-9a15-b06f0e427d8a, +15550000677, Reminder   ,       30007, Carrier violation, 2025-06-21T01:35:22Z
5fcb24b1-cc21-44db-941f-2216f9b93d6f, P0685                , 08485f02-8ac3-450e-a548-8076878b8a14, +15550000685, Reminder   ,       30007, Carrier violation, 2025-10-05T10:07:23Z
ffc01083-8065-4f79-b6f6-c35fb7f2d6f2, P0692                , 81db3e8a-6d3d-4684-95bd-423dc42a7064, +15550000692, Reminder   ,       30007, Carrier violation, 2026-01-14T16:47:55Z
12cfe605-fa03-4602-84c8-b39f860151cc, P0706                , e9b44a0d-2e1c-415c-ac93-9da06a27003e, +15550000706, Reminder   ,       30007, Carrier violation, 2026-02-14T15:57:23Z
057a8a5e-80ec-4fcf-8278-e6cdc7b0124a, P0714                , 9f974b46-02e6-4e08-9824-a4d5b3256077, +15550000714, Reminder   ,       30007, Carrier violation, 2025-07-01T15:43:21Z
b8af8ae3-b11a-45b2-a8a3-a65e7aaf9363, P0717                , 261b143e-6d96-437a-b14c-1c42ee9ea192, +15550000717, Reminder   ,       30007, Carrier violation, 2025-04-13T00:50:27Z
ceebf557-6ffe-4690-91cf-cc472dfe71a8, P0735                , 7f290d7d-c63d-4c96-87e3-fbd8c53931bb, +15550000735, Reminder   ,       30007, Carrier violation, 2025-10-18T14:34:30Z
14320733-10e8-437c-8a19-886f40c28b7c, P0746                , bc9b16bb-ca39-4870-a4db-cae86d0a4ff9, +15550000746, Reminder   ,       30007, Carrier violation, 2026-03-18T20:26:26Z
6e3a9236-d9e4-40b3-88ac-4bccc93453ce, P0749                , feb4a5ea-e1ca-407b-bbaa-1d06be9d0e55, +15550000749, Reminder   ,       30007, Carrier violation, 2025-07-29T04:41:07Z
d6c1a32d-e1ab-47a8-854c-fbf962bfc34b, P0750                , 9fb63c99-ad06-4ea0-9801-9b5c94aeb9a9, +15550000750, Reminder   ,       30007, Carrier violation, 2025-06-06T20:46:16Z
e12158e9-ccb4-4eae-8773-3da463665372, P0751                , 8ce3c996-470e-4d4d-8c3b-8ae43d7dc3a5, +15550000751, Reminder   ,       30007, Carrier violation, 2025-10-15T21:20:55Z
46df2a1e-fa88-41e5-848a-7151c9f1f6f0, P0754                , 58be9115-50ba-4485-96a5-10dd94d837a2, +15550000754, Reminder   ,       30007, Carrier violation, 2025-04-11T06:12:51Z
aa118d72-5caa-459d-ba14-c0e8c41706b5, P0757                , 65ce9cc6-ed03-4239-8663-5ee00789b3e8, +15550000757, Reminder   ,       30007, Carrier violation, 2025-03-28T17:07:56Z
bfa0b329-20e2-4121-a903-f035b782cb00, P0773                , ae64020a-3fab-47a6-8f4b-2b3ddd161779, +15550000773, Reminder   ,       30007, Carrier violation, 2025-05-29T00:53:48Z
cd738626-8769-4103-bd19-e28719b15a9b, P0780                , ccfc1444-90b4-4497-aa59-692be40f77a9, +15550000780, Reminder   ,       30007, Carrier violation, 2025-02-20T16:17:56Z
3dd3741f-ec20-42ab-a016-e739f134710b, P0785                , 5126c168-12bb-4edc-b6fd-aa8ff9fdd4e6, +15550000785, Reminder   ,       30007, Carrier violation, 2026-01-07T23:03:54Z
c2a52e47-f6b5-469b-ae00-1944f1d722e4, P0792                , 3026a19e-bbf7-4da5-ac72-1bb3287d2508, +15550000792, Reminder   ,       30007, Carrier violation, 2025-05-05T14:08:42Z
c2f846c5-c369-4a73-9333-a1b36d12a447, P0802                , dc8a3adb-bc2c-403b-ab64-c40fd899e84b, +15550000802, Reminder   ,       30007, Carrier violation, 2025-07-06T10:27:45Z
d1a13dd2-3e57-46c9-a634-9316c8e81fbb, P0814                , 4d37d3f7-2f5d-410b-921f-a0e88d852b12, +15550000814, Reminder   ,       30007, Carrier violation, 2025-02-11T15:59:03Z
19376331-3a4a-4f7b-84fe-4f56911aec3f, P0816                , e3bbc046-80f2-4d2b-8601-db1f0e4b5d7d, +15550000816, Reminder   ,       30007, Carrier violation, 2025-10-10T15:59:42Z
fd2032ff-dcaa-448a-8d0a-0e294aecf389, P0829                , 6366a77b-5d80-4bc6-909a-9a5f28e3f336, +15550000829, Reminder   ,       30007, Carrier violation, 2025-10-15T19:43:41Z
f6492d25-f8f1-44ed-9679-f135981c2e31, P0830                , 1261bda5-a92c-4e0c-a369-b601bfb37889, +15550000830, Reminder   ,       30007, Carrier violation, 2026-01-18T19:50:31Z
109c730b-a181-4547-be8c-e38368b76cf8, P0847                , bc779ba6-2d85-46a2-b769-905dd2040fbd, +15550000847, Reminder   ,       30007, Carrier violation, 2025-10-30T04:46:11Z
d80725ff-de20-4152-be01-844b2ab5c3e9, P0849                , 36f98a9a-51ac-470c-a5cc-7d2a2dc1a0d1, +15550000849, Reminder   ,       30007, Carrier violation, 2025-10-16T11:12:55Z
c9c9b016-a386-43ed-9feb-847aadaec408, P0855                , d6c1ac2a-12fa-4cae-a1f9-4576d3a36d3e, +15550000855, Reminder   ,       30007, Carrier violation, 2025-09-13T04:08:57Z
86f1575f-916a-4cb6-b5b4-c4010be2d6ef, P0856                , 702c6beb-792e-4bf3-8ca6-91c4ba5375fa, +15550000856, Reminder   ,       30007, Carrier violation, 2025-04-01T10:55:04Z
e2442b10-d745-45fe-b7c2-88d4ef8f060c, P0859                , 7fd77fc4-6444-48f6-8e15-3ebf8122c2fb, +15550000859, Reminder   ,       30007, Carrier violation, 2025-12-18T13:49:08Z
f47175df-4e8b-4ec1-a47c-66db0739bb59, P0861                , b36851cb-32ae-400b-b150-918022a374e9, +15550000861, Reminder   ,       30007, Carrier violation, 2026-01-12T10:03:07Z
07c03560-41be-47ae-a729-40386b595f8c, P0864                , 3d89e6ce-a27e-4553-8b17-1edacc84e6aa, +15550000864, Reminder   ,       30007, Carrier violation, 2025-09-25T10:29:19Z
6552cb51-4343-4fe6-84be-4f4fb20c94e5, P0866                , 2e17ed32-097c-44fd-be5d-2d6fa3fd0631, +15550000866, Reminder   ,       30007, Carrier violation, 2025-12-23T01:47:29Z
203ce3a2-8cf9-4100-84e6-a4b2feb41e81, P0881                , 3d0e61e0-64cc-4bd0-af7f-b94d6a9182df, +15550000881, Reminder   ,       30007, Carrier violation, 2025-09-06T11:42:00Z
be8469ec-d140-4954-84dc-1c512e3d96dc, P0903                , 639baa1d-b6b5-4668-a79a-38a482857827, +15550000903, Reminder   ,       30007, Carrier violation, 2026-03-21T08:13:43Z
b91eb981-81b9-4355-8bd6-5fe33f13eec3, P0907                , e4c6ed29-090a-4dac-9e13-23c9b1808dd2, +15550000907, Reminder   ,       30007, Carrier violation, 2026-02-22T03:56:00Z
a08c510a-a1c5-49c0-a628-96c5ec2d1a67, P0908                , b60075c4-d4a4-4eb4-bd2d-47919664e0c1, +15550000908, Reminder   ,       30007, Carrier violation, 2025-09-17T18:45:05Z
5e7fa42e-7fda-460e-b0c5-eefd18f73ebf, P0911                , dca218ed-653f-49bc-b77f-4c8990c72ba1, +15550000911, Reminder   ,       30007, Carrier violation, 2026-01-01T04:54:31Z
4a397cff-72ab-47e3-a868-30bf3ce5bdfe, P0922                , a1006d4c-2b34-4514-bdb3-eb7643efbb48, +15550000922, Reminder   ,       30007, Carrier violation, 2025-01-05T15:00:58Z
c29562c9-1889-403a-a37b-e6fd16a8e9d5, P0928                , 3c3aa8d5-75f1-4ba3-8076-9aa36726f812, +15550000928, Reminder   ,       30007, Carrier violation, 2025-10-19T05:14:19Z
b00544f0-74bb-4301-a7ce-8e0bd5346357, P0940                , 09eeec04-0bae-4345-bf31-f5a7d40e7d3d, +15550000940, Reminder   ,       30007, Carrier violation, 2025-10-08T01:21:07Z
2e9720ac-9e30-475d-afcb-c96c40d0efa5, P0945                , 1b329873-9d15-435d-9288-397ddae86b24, +15550000945, Reminder   ,       30007, Carrier violation, 2025-10-05T14:28:22Z
ebe52f7e-a693-4bdd-a50c-31b172ee9326, P0955                , fec34504-f153-43e1-9451-2a6817d9daf9, +15550000955, Reminder   ,       30007, Carrier violation, 2025-09-26T00:49:39Z
ebe52f7e-a693-4bdd-a50c-31b172ee9326, P0955                , adb1ee14-bee6-4c73-83f4-bd65bb50cc37, +15550000955, Reminder   ,       30007, Carrier violation, 2025-09-27T00:49:39Z
46c19862-0116-49cd-8d56-c4dba66bb8e4, P0957                , 8272926a-f359-4bc9-9c86-a3b5fa19f331, +15550000957, Reminder   ,       30007, Carrier violation, 2025-04-27T00:59:18Z
77af2f65-e80d-41ec-b73b-981f089e8826, P0961                , 0ca57094-7753-485e-ae77-340c9910c7d7, +15550000961, Reminder   ,       30007, Carrier violation, 2025-07-19T04:13:36Z
2b1b1177-f543-44b7-b622-08b0057cb02e, P0965                , dc9977f2-b70d-413f-bb9f-a856dd2e2871, +15550000965, Reminder   ,       30007, Carrier violation, 2025-10-27T19:29:17Z
36082562-cfcc-4055-9033-bed61bc91fee, P0968                , 7c3d0e5f-2b6d-4287-bb94-e2dbcb964b26, +15550000968, Reminder   ,       30007, Carrier violation, 2025-02-07T15:59:33Z
36082562-cfcc-4055-9033-bed61bc91fee, P0968                , 4579271a-9e2e-4a00-9f0b-ff16b43457e5, +15550000968, Reminder   ,       30007, Carrier violation, 2025-03-11T14:59:33Z
5daf4697-1209-4e9a-8cef-ff4c341d0e79, P0972                , 6e0e63dc-e95a-44ad-a4b7-beff17028110, +15550000972, Reminder   ,       30007, Carrier violation, 2025-06-30T11:48:08Z
0eeff595-5356-46b6-ba66-46e1c7c83fd1, P0974                , 271f5195-6a3f-4a09-8dc9-1f3fb1aebcca, +15550000974, Reminder   ,       30007, Carrier violation, 2025-08-24T21:05:59Z
a5aa6a11-b3d3-41fb-932a-44ba2491c242, P0976                , d0d494e6-8550-432c-8d73-dcf78a06c374, +15550000976, Reminder   ,       30007, Carrier violation, 2025-07-10T19:46:07Z
f25b1c64-570c-4b74-bfa7-bb1c70c38c9d, P0992                , 9521eaf9-2387-40ee-bd23-c4b650060c22, +15550000992, Reminder   ,       30007, Carrier violation, 2025-04-18T18:34:50Z
