ParticipantID                       , ParticipantIdentifier, PhoneNumber , Timestamp
f47cb7ce-d8be-490a-bab0-93db17d4148a, P0023                , +15550000023, 2026-01-21T05:04:09Z
5e6a48b4-9968-4faa-9d32-d20f2ab32b9a, P0053                , +15550000053, 2025-09-14T03:57:27Z
cf521abc-9667-45ec-9dab-37a6f3e3e767, P0123                , +15550000123, 2025-12-18T23:19:50Z
6a33d975-94d4-4e72-b818-85f3045768e0, P0227                , +15550000227, 2025-11-13T19:28:41Z
08328c8b-5726-41d0-a1f4-4df0e7b58c8b, P0255                , +15550000255, 2025-06-28T01:50:11Z
e86c700f-bcc2-4a7a-b248-28af4d44c618, P0270                , +15550000270, 2025-12-02T19:10:15Z
de610eb7-077d-47da-9bef-5b6e1f81a871, P0284                , +15550000284, 2025-05-20T23:43:06Z
56475e66-c3b7-468e-8eca-48a1777a721f, P0319                , +15550000319, 2025-05-20T03:39:03Z
3afcde89-292c-4fd7-919f-3a38202202ba, P0376                , +15550000376, 2025-10-12T17:59:26Z
aaeac0f2-fdce-4ad3-841f-705c3c870b4a, P0391                , +15550000391, 2026-05-03T21:53:38Z
f7540176-b7ed-4fb7-9e8f-92c3ff1bf783, P0399                , +15550000399, 2025-05-09T15:56:15Z
6f560654-d77d-4dad-8922-d0f8233ecfe8, P0402                , +15550000402, 2025-09-11T06:09:59Z
68b8ac25-c44f-4b8f-a3ad-dccde0f51de9, P0455                , +15550000455, 2025-02-19T19:58:28Z
b8e9efd7-09ea-4183-a7a6-b105e6fc37e2, P0633                , +15550000633, 2025-04-01T01:59:39Z
c6f305a8-ba10-4c1a-b52f-af74b511a6d5, P0659                , +15550000659, 2026-03-19T00:34:28Z
af38ec08-6251-4796-bc3c-da4da0f9534f, P0677                , +15550000677, 2025-06-22T01:35:02Z
ee78fb64-351c-47d4-a0bd-c13bd38bffe7, P0748                , +15550000748, 2026-01-09T02:47:53Z
a998f7de-b857-4542-9ea0-c78a431e2993, P0831                , +15550000831, 2025-12-25T07:59:47Z
2b1b1177-f543-44b7-b622-08b0057cb02e, P0965                , +15550000965, 2025-10-29T19:28:57Z
0eeff595-5356-46b6-ba66-46e1c7c83fd1, P0974                , +15550000974, 2025-08-25T21:05:39Z
